Player	Team	Conference	Games Played	Total	Kills/Game	C1	C2	C3	C4	C5	C6	C7	WC	F1	F2	F3	F4	F5	F6	F7	F8	F9	F10	F11	F12	F13	F14
Kirin	TAL Eagles	Frutiger	21	34	1.62	2	7	2	0	3	5	3		0	1	2	1	4	1	0	0	0	0	0	1	2	0
New Opolopia	TPoP Lightbringers	Adenauer	20	27	1.35	0	1	0	2	3	2			3	4	1	1	1	1	1	1	0	1	1	2	0	2
BlackBlicky	TPoP Lightbringers	Adenauer	3	4	1.33	1	0	3																			
Magrusa	TAL Eagles	Frutiger	19	24	1.26			2	2	3	1	2		0	1	1	3	2	1	0	1	1	0	2	0	0	2
Wizard	TPoP Lightbringers	Adenauer	20	25	1.25	2	1	0	2	2	3			1	1	1	0	0	1	3	0	0	0	1	5	0	2
Robin	TO Bushrangers	Frutiger	17	18	1.06		2	0	4					0	0	0	1	0	2	2	0	2	0	0	0	4	1
WashFed	NBB Watchdogs	Adenauer	7	7	1.00	0	2	0	0	4	0		1														
Gagium	TL&C Minutemen	Adenauer	17	17	1.00	0	2	1						0	0	1	0	2	0	2	1	1	0	2	1	1	3
New Illyricum	TL&C Minutemen	Adenauer	17	17	1.00	3	1	1						4	0	1	1	0	0	2	0	1	0	1	0	0	2
Miravana	TO Bushrangers	Frutiger	18	17	0.94	3	0	6	0					0	0	1	2	0	2	0	1	1	0	0	1	0	0
Croblade	TPoP Lightbringers	Adenauer	14	13	0.93				0	0	0			2	0				2	1	1	0	3	2	1	1	0
Farbelia	SLD Exiles	Adenauer	21	19	0.90	0	1	0	0	0	2		2	1	1	1	0	2	0	2	2	2	1	0	0	2	0
Sans	TO Bushrangers	Frutiger	4	3	0.75	1	0	1	1																		
Missouria	STL Hyperion Guards	Frutiger	8	6	0.75	0	0	0	1	3	0	0	2														
Priola	SLD Exiles	Adenauer	18	13	0.72				1	0	0		1	1	2	0	0	0	0	1	2	2	0	1	1	0	1
Socialistic Britain	NBB Watchdogs	Adenauer	7	5	0.71	0	1	1	2	0	0		1														
Entropan	TL&C Minutemen	Adenauer	17	12	0.71	0	1	4						0	1	0	0	0	0	0	1	0	0	3	0	2	0
Varanius	TWP Rumrunners	Frutiger	22	15	0.68	1	3	1	1	1	1	1	3	0	0	0	0	0	0	1	1	0	1	0	0	0	0
MLoP	SLD Exiles	Adenauer	3	2	0.67	2	0	0																			
New England INC	CSS Cannonballs	Frutiger	6	4	0.67	0			2	0	0	0	2														
Haku	LILY Spartans	Adenauer	6	4	0.67	2	0	2	0	0			0														
Osnari	TO Bushrangers	Frutiger	15	10	0.67	1								0	0	1	1	0	1	0	2	0	2	0	2	0	0
Hellslayer	CSS Cannonballs	Frutiger	8	5	0.63	1	0	0	1	0	1	2	0														
Ostlantis	LILY Spartans	Adenauer	5	3	0.60			0	0	0	2		1														
Peanu-Butteria	TAL Eagles	Frutiger	7	4	0.57					0	0	2		0	0						0	2					
Kavagrad	SLD Exiles	Adenauer	21	12	0.57	2	1	0	0	0	1		1	1	0	1	1	1	2	0	0	0	1	0	0	0	0
Frenchy	LILY Spartans	Adenauer	6	3	0.50	1	1	0	0	0	1																
Untecna	STL Hyperion Guards	Frutiger	8	3	0.38	0	1	0	0	1	0	1	0														
Esteneng	TNP Rams	Frutiger	8	3	0.38	1	0	0	0	0	0	0	2														
Rhaza	TPoP Lightbringers	Adenauer	3	1	0.33											0	0	1									
Holy Free	TSP Spits	Adenauer	7	2	0.29	1	0	0	1	0	0		0														
Sweeze	LILY Spartans	Adenauer	4	1	0.25	0	0				0		1														
John Laurens	TAL Eagles	Frutiger	14	3	0.21	0	1	0	1							0	1	0	0	0			0	0	0	0	0
Krynisza	CSS Cannonballs	Frutiger	7	1	0.14		0	0	1	0	0	0	0														
Western Arba Fir	NBB Watchdogs	Adenauer	7	1	0.14	0	0	1	0	0	0		0														
Erstavik	TSP Spits	Adenauer	7	1	0.14	1	0	0	0	0	0		0														
ProfessorHenn	TSP Spits	Adenauer	7	1	0.14	0	0	0	1	0	0		0														
Breon	TWP Rumrunners	Frutiger	22	3	0.14	0	0	0	0	0	1	0	0	0	0	0	0	0	0	0	0	0	1	0	0	0	1
Merethin	STL Hyperion Guards	Frutiger	8	1	0.13	1	0	0	0	0	0	0	0														
Overthinkers	TWP Rumrunners	Frutiger	22	2	0.09	0	0	0	0	0	0	0	0	0	0	0	0	0	0	0	0	0	2	0	0	0	0
Vicily	TAL Eagles	Frutiger	2	0	0.00	0	0																				
Salcanceacy	CSS Cannonballs	Frutiger	4	0	0.00	0	0	0					0														
Arty	TNP Rams	Frutiger	8	0	0.00	0	0	0	0	0	0	0	0														
ForFishing	TNP Rams	Frutiger	8	0	0.00	0	0	0	0	0	0	0	0														