Player	Team	Conference	GP	Kills	F1	F2	F3	F4	F5	F6	F7	F8	F9	F10	F11	F12	F13
New Opolopia			11	19	3	2	1	1	0	0	3	1			3	2	3
Celia			13	20	0	2	1	4	0	1	0	4	2	0	0	4	2
Wizard			13	19	0	1	1	2	4	3	2	0	1	1	3	0	1
Kirin			13	16	1	1	3	1	0	3	1	2	1	1	0	1	1
Rhaza			13	15	2	1	0	2	0	0	3	0	0	2	2	0	3
Kivu			13	15	0	1	0	1	1	2	3	2	0	4	1	0	0
New Illyricum			13	15	5	0	5	0	1	0	1	0	0	0	1	1	1
Ernest Drake			8	7						1	0	1	2	1	0	2	0
Priola			13	11	0	1	0	1	1	3	0	0	2	1	0	2	0
Sakinko			11	9	0	0	1	1	0	1	1	1	4	0	0		
Merethin			13	10	0	0	2	0	2	0	1	1	2	0	1	0	1
WashFed			13	10	0	0	0	0	2	1	0	0	1	1	1	1	3
Socialistic Britain			13	9	0	0	0	1	0	1	0	0	1	4	1	0	1
Miravana			13	9	0	1	1	0	1	0	0	1	0	0	0	4	1
Samon			3	2											2	0	0
Varanius			13	5	0	1	2	0	0	0	0	1	1	0	0	0	0
Osnari			13	5	0	1	0	2	1	0	1	0	0	0	0	0	0
Entropan			13	5	1	0	0	0	1	1	0	0	0	0	1	1	0
Peanu-Butteria			11	4	0			1	1	0	0	0	1	1	0	0	0
Pirzdavor			13	4	0	0	0	0	0	1	0	2	0	0	0	1	0
Western Arba Fir			10	3	2	0	0	0	1	0	0	0	0	0			
Kakastania			13	2	0	0	1	0	0	0	0	0	0	0	0	0	1
Tomington			7	1	1	0	0	0	0							0	0
BlackBlicky			2	0									0	0			
John Laurens			3	0		0	0										0
