Player	Team	Conference	GP	Kills	C1	C2	C3	C4	C5	C6	F1	F2	F3	F4	F5	F6	F7	F8	F9
Robin	TO		15	24	2	3	3	0	1	1	1	0	0	4	2	1	0	3	3
Kirin	TAL		15	21	2	2	2	2	3	4	1	0	2	0	0	1	1	1	0
Miravana	TO		14	19	0	1	0	4	2	4	0	0	1	0	3	1	0	1	2
Entropan	TL&C		14	15	4	0	0	1	3	0	1	1	0	1	0	0	4	0	0
Gagium	TL&C		14	15	0	0	4	1	0	0	0	4	0	1	1	2	1	0	1
New Opolopia	TPoP		12	14	4	1	1	0	0	0	0	0	2	1	1	0	1	0	3
Rhaza	TPoP		12	11	2	0	2	0	0	0	2	1	0	0	0	1	2	1	0
Osnari	TO		15	11	0	2	2	1	1	1	1	2	0	0	0	0	0	1	0
Peanu-Butteria	TAL		11	8	0	2	1	2	2	0	0	0	0	1	0	0	0	0	0
Dogeland	STL		6	8	2	1	4	0	1	0	0	0	0	0	0	0	0	0	0
Dyl	SLD		6	7	2	2	2	0	1	0	0	0	0	0	0	0	0	0	0
Wizard	TPoP		8	7	0	2	0	0	0	0	3	1	1	0	0	0	0	0	0
Anjan Kloss	TL&C		14	6	0	0	1	1	0	0	0	0	0	0	1	2	0	1	0
Magrusa	TAL		10	6	0	0	0	2	0	3	0	0	0	0	0	0	0	0	1
Priola	SLD		9	5	0	0	0	0	0	0	0	1	3	0	0	0	1	0	0
John Laurens	SO		6	4	0	2	0	1	1	0	0	0	0	0	0	0	0	0	0
Pirzdavor	STL		6	4	0	2	0	0	0	2	0	0	0	0	0	0	0	0	0
Kavagrad	SLD		6	4	1	1	0	0	2	0	0	0	0	0	0	0	0	0	0
Haku	LILY		6	3	1	1	0	1	0	0	0	0	0	0	0	0	0	0	0
Audrey	LILY		6	2	0	1	0	1	0	0	0	0	0	0	0	0	0	0	0
Suvmia	SO		6	2	1	0	0	1	0	0	0	0	0	0	0	0	0	0	0
Merethin	STL		6	2	1	0	1	0	0	0	0	0	0	0	0	0	0	0	0
Grea Kriopia	ARN		6	2	0	0	0	0	2	0	0	0	0	0	0	0	0	0	0
Garbelia	SLD		6	2	0	0	0	0	1	1	0	0	0	0	0	0	0	0	0
Loshiywana	SO		6	1	0	0	0	1	0	0	0	0	0	0	0	0	0	0	0
Renegade	ARN		6	1	0	0	0	1	0	0	0	0	0	0	0	0	0	0	0
Ostlantis	LILY		6	0	0	0	0	0	0	0	0	0	0	0	0	0	0	0	0
Upper Cilikar	ARN		6	0	0	0	0	0	0	0	0	0	0	0	0	0	0	0	0
WashFed	NBB		6	0	0	0	0	0	0	0	0	0	0	0	0	0	0	0	0
Anxiety Cafe	NBB		6	0	0	0	0	0	0	0	0	0	0	0	0	0	0	0	0
BlackBlicky	TPoP		4	0	0	0	0	0	0	0	0	0	0	0	0	0	0	0	0
