Player	Team	Conference	GP	Kills	C1	C2	C3	C4	C5	W1	W2	F1	F2	F3	F4	F5	F6	F7	F8	F9	F10	F11	F12	F13
New Opolopia	TPoP	Kangaroo	18	32	1	1	2	1	2	3		3	0	0	4	0	3	3	1	2	2	4	0	0
Kirin	TAL	Koala	19	31	2	2	0	1	4	3	5	0	0	1	0	0	1	0	0	3	2	2	2	3
Sans	TO	Kangaroo	17	22	1	3	1	2	2			0	2	0	1	2	1	1	2	0	2	1	1	0
Wizard	TPoP	Kangaroo	18	17	2	1	0	1	2	2		1	0	0	1	0	0	2	1	1	1	0	2	0
Garbelia	WC	Koala	17	16	0	1	1	0	1			2	1	3	0	1	1	0	0	0	0	0	1	4
Faralried	TO	Kangaroo	17	14	2	1	0	0	1			1	0	1	1	1	0	2	1	0	0	0	3	0
Priola	WC	Koala	17	14	1	0	2	3	0			1	0	0	0	1	0	1	1	1	0	0	1	2
Rhaza	TPoP	Kangaroo	18	13	0	0	0	0	0	2		0	1	2	1	0	2	0	2	0	2	0	1	0
Osnari	TO	Kangaroo	17	10	0	2	0	4	0			0	0	0	0	2	0	0	0	1	0	1	0	0
Esteneng	TNP	Kangaroo	7	4	1	0	3	0	0	0	0													
New Illyricum	WC	Koala	9	4	1	2	1	0	0			0	0	0	0									
Hellslayer	CSS	Koala	7	3	0	1	1	0	0	0	1													
Arty	TNP	Kangaroo	7	3	1	0	0	1	0	0	1													
Missouria	TAL	Koala	19	8	0	0	0	0	0	0	1	2	2	1	2	0	0	0	0	0	0	0	0	0
Vicily	TAL	Koala	17	7	1	0	0	0	0	0	1	0	2	1	0	0	0			0	1	0	0	1
Untecna	WC	Koala	8	3												2	0	0	0	0	0	1	0	0
Millenhaal	BAL	Kangaroo	7	2	1	0	0	0	0	1	0													
New England INC	CSS	Koala	7	2	0	0	0	1	1	0	0													
Fish	TNP	Kangaroo	7	2	0	1	1	0	0	0	0													
Krynisza	CSS	Koala	7	1	0	0	0	0	0	0	1													
Magrusa	TAL	Koala	2	0														0	0					
Staffon	BAL	Kangaroo	7	0	0	0	0	0	0	0	0													
Mark	BAL	Kangaroo	7	0	0	0	0	0	0	0	0													
