Player	Team	Conference	GP	Kills	C1	C2	C3	C4	C5	C6	C7	C8	F1	F2	F3	F4	F5	F6	F7	F8	F9	F10	F11	F12	F13	F14
Wizard	TPoP		18	39	5	7	3	3					1	0	1	0	3	3	0	2	2	2	1	5	0	1
Entropan	TL&C		20	28	1	0	1	1	1	3			3	0	3	2	2	0	1	1	1	1	1	0	4	2
Miravana	TO		17	22					2	1	3		1	1	1	1	0	0	0	3	1	4	1	2	1	0
Robin	TO		21	22	1	3	2	3	0	1	1		2	0	0	1	0	0	1	1	0	1	2	1	1	1
Celia	STL		21	22				1	1	1	2		0	2	2	2	0	2	2	3	0	0	1	0	1	2
Garbelia	SLD		22	21	0	2	0	0	1	0	1	1	0	2	3	1	0	0	1	2	1	0	2	0	0	4
Osnari	TO		19	20	0	5	1	2	2	0	1		0	1	1	0			0	1	2	2	0	1	1	0
New Opolopia	TPoP		18	18	0	0	0	3					0	1	2	1	0	2	1	0	2	2	2	2	0	0
Kavagrad	SLD		22	18	1	0	0	1	1	2	2	2	1	3	0	0	0	1	1	0	0	0	1	0	1	1
Dyl	SLD		22	16	1	0	4	0	1	0	0	1	1	1	0	2	0	0	1	0	0	1	1	0	2	0
New Illyricum	TL&C		20	15	2	0	2	0	0	0			3	0	0	2	2	0	0	0	0	1	0	0	1	2
Spode	TL&C		20	15	3	3	0	1	0	2			1	1	0	1	1	0	0	0	0	0	0	0	2	0
Peanu-Butteria	TAL		22	15	1	0	1	0	3	0	2	2	0	0	0	0	3	0	0	0	3	0	0	0	0	0
Missouria	STL		21	11	2	0	0	0	4	1	0		0	0	2	0	1	0	0	0	0	0	1	0	0	0
Merethin	STL		21	11	1	0	1	2	1	1	1		0	0	0	0	0	1	0	0	0	0	0	2	0	1
Magrusa	TAL		22	10	0	0	0	0	0	1	1	1	0	1	0	0	0	0	3	2	1	0	0	0	0	0
WashFed	NBB		8	9	1	0	1	4	0	2	1	0														
Vicily	TAL		22	7	1	0	3	0	0	1	0	0	0	0	0	0	0	0	0	0	0	1	0	0	0	1
Heavens Reach	TPoP		18	5	1	0	1	0					0	1	0	0	1	0	0	1	0	0	0	0	0	0
Varanius	TWP		6	4	2	0	0	1									0	1								
Andusre	ARN		8	4	0	1	0	0	0	2	1	0														
Upper Cilikar	ARN		8	4	0	1	1	0	0	0	2	0														
Haku	LILY		8	4	0	2	0	0	2	0	0	0														
Audrey	LILY		8	4	0	1	1	0	0	1	0	1														
Frenchy	LILY		8	3	1	0	0	2	0	0	0	0														
John Laurens	SO		1	1	1																					
Pellon Wesaurps	STL		3	1	1	0	0																			
Hermitland	TPoP		7	1		0	0	1	0	0	0	0														
Suvmia	SO		8	1	0	0	0	0	0	1	0	0														
Turbiatop	SO		8	1	0	0	0	0	0	0	0	1														
Arty	TNP		8	1	0	0	0	0	0	0	0	1														
Fish	TNP		8	0	0	0	0	0	0	0	0	0														
Mystris	TNP		8	0	0	0	0	0	0	0	0	0														
Saint Asperes	NBB		3	0	0	0	0																			
