Player	Team	Conference	GP	Kills	C1	C2	C3	C4	C5	C6	C7	W1	F1	F2	F3	F4	F5	F6	F7	F8	F9	F10	F11	F12	F13	F14
Kirin	TAL	Frutiger	21	34	2	7	2	0	3	5	3		0	1	2	1	4	1	0	0	0	0	0	1	2	0
New Opolopia	TPoP	Adenauer	20	27	0	1	0	2	3	2			3	4	1	1	1	1	1	1	0	1	1	2	0	2
BlackBlicky	TPoP	Adenauer	3	4	1	0	3																			
Magrusa	TAL	Frutiger	19	24			2	2	3	1	2		0	1	1	3	2	1	0	1	1	0	2	0	0	2
Wizard	TPoP	Adenauer	20	25	2	1	0	2	2	3			1	1	1	0	0	1	3	0	0	0	1	5	0	2
Robin	TO	Frutiger	17	18		2	0	4					0	0	0	1	0	2	2	0	2	0	0	0	4	1
WashFed	NBB	Adenauer	7	7	0	2	0	0	4	0		1														
Gagium	TL&C	Adenauer	17	17	0	2	1						0	0	1	0	2	0	2	1	1	0	2	1	1	3
New Illyricum	TL&C	Adenauer	17	17	3	1	1						4	0	1	1	0	0	2	0	1	0	1	0	0	2
Miravana	TO	Frutiger	18	17	3	0	6	0					0	0	1	2	0	2	0	1	1	0	0	1	0	0
Croblade	TPoP	Adenauer	14	13				0	0	0			2	0				2	1	1	0	3	2	1	1	0
Garbelia	SLD	Adenauer	21	19	0	1	0	0	0	2		2	1	1	1	0	2	0	2	2	2	1	0	0	2	0
Sans	TO	Frutiger	4	3	1	0	1	1																		
Missouria	STL	Frutiger	8	6	0	0	0	1	3	0	0	2														
Priola	SLD	Adenauer	18	13				1	0	0		1	1	2	0	0	0	0	1	2	2	0	1	1	0	1
Socialistic Britain	NBB	Adenauer	7	5	0	1	1	2	0	0		1														
Entropan	TL&C	Adenauer	17	12	0	1	4						0	1	0	0	0	0	0	1	0	0	3	0	2	0
Varanius	TWP	Frutiger	22	15	1	3	1	1	1	1	1	3	0	0	0	0	0	0	1	1	0	1	0	0	0	0
MLoP	SLD	Adenauer	3	2	2	0	0																			
New England INC	CSS	Frutiger	6	4	0			2	0	0	0	2														
Haku	LILY	Adenauer	6	4	2	0	2	0	0			0														
Osnari	TO	Frutiger	15	10	1								0	0	1	1	0	1	0	2	0	2	0	2	0	0
Hellslayer	CSS	Frutiger	8	5	1	0	0	1	0	1	2	0														
Ostlantis	LILY	Adenauer	5	3			0	0	0	2		1														
Peanu-Butteria	TAL	Frutiger	7	4					0	0	2		0	0						0	2					
Kavagrad	SLD	Adenauer	21	12	2	1	0	0	0	1		1	1	0	1	1	1	2	0	0	0	1	0	0	0	0
Frenchy	LILY	Adenauer	6	3	1	1	0	0	0	1																
Untecna	STL	Frutiger	8	3	0	1	0	0	1	0	1	0														
Esteneng	TNP	Frutiger	8	3	1	0	0	0	0	0	0	2														
Rhaza	TPoP	Adenauer	3	1											0	0	1									
Holy Free	TSP	Adenauer	7	2	1	0	0	1	0	0		0														
Sweeze	LILY	Adenauer	4	1	0	0				0		1														
John Laurens	TAL	Frutiger	14	3	0	1	0	1							0	1	0	0	0			0	0	0	0	0
Krynisza	CSS	Frutiger	7	1		0	0	1	0	0	0	0														
Western Arba Fir	NBB	Adenauer	7	1	0	0	1	0	0	0		0														
Erstavik	TSP	Adenauer	7	1	1	0	0	0	0	0		0														
ProfessorHenn	TSP	Adenauer	7	1	0	0	0	1	0	0		0														
Breon	TWP	Frutiger	22	3	0	0	0	0	0	1	0	0	0	0	0	0	0	0	0	0	0	1	0	0	0	1
Merethin	STL	Frutiger	8	1	1	0	0	0	0	0	0	0														
Overthinkers	TWP	Frutiger	22	2	0	0	0	0	0	0	0	0	0	0	0	0	0	0	0	0	0	2	0	0	0	0
Vicily	TAL	Frutiger	2	0	0	0																				
Salcanceacy	CSS	Frutiger	4	0	0	0	0					0														
Arty	TNP	Frutiger	8	0	0	0	0	0	0	0	0	0														
ForFishing	TNP	Frutiger	8	0	0	0	0	0	0	0	0	0														
