Player	Team	Conference	GP	Kills	C1	C2	C3	C4	C5	C6	C7	F1	F2	F3	F4	F5	F6	F7	F8	F9	F10	F11	F12
Kirin	TAL	Kangaroo	18	34	2	1	1	1	1	4		1	2	4	0	2	0	0	3	2	4	6	0
Miravana	TO	Koala	17	23	2	1	3	2	1			0	2	0	2	0	2	0	0	2	3	0	3
Gagium	TL&C	Kangaroo	16	18	1	3	3	4				1	0	0	0	1	0	0	0	0	1	2	2
New Opolopia	TPoP	Koala	18	20	1	1	2	3	3	1		2	1	1	0	0	0	2	0	0	0	0	3
New Illyricum	TL&C	Kangaroo	16	17	1	0	2	2				1	2	2	2	2	0	0	0	0	2	0	1
Voluja	TO	Koala	2	2													1	1					
Varanius	TWP	Kangaroo	7	7	3	1	0	0	2	0	1												
Croblade	TPoP	Koala	18	18	1	0	0	0	1	1		1	1	0	3	4	2	2	1	0	1	0	0
Wizard	TPoP	Koala	18	18	0	1	1	0	0	3		0	0	0	0	1	0	5	2	3	0	1	1
Entropan	TL&C	Kangaroo	16	14	0	1	2	2				1	0	0	4	1	1	0	1	0	0	1	0
Robin	TO	Koala	15	13	2	2	1	0	3			1	2	0	0	0			1	1	0	0	0
Magrusa	TAL	Kangaroo	18	15	0	1	0	1	1	3		2	1	1	1	0	1	0	1	1	0	0	1
WashFed	NBB	Koala	19	15	1	4	0	2	0	1	4	0	0	1	0	1	0	0	0	0	1	0	0
Missouria	WC	Kangaroo	19	14	0	0	0	1	1	0	1	0	0	1	1	0	2	1	1	1	1	3	0
Kavagrad	SLD	Koala	7	5	1	1	0	1	1	1	0												
Esteneng	TNP	Koala	7	5	0	0	0	2	1	1	1												
Hellslayer	CSS	Koala	7	4	1	0	1	0	0	0	2												
New England INC	CSS	Koala	7	4	0	2	1	1	0	0	0												
Garbelia	SLD	Koala	7	4	0	1	2	0	0	1	0												
Peanu-Butteria	TAL	Kangaroo	18	10	1	1	0	0	0	2		0	0	0	0	1	3	0	0	0	0	2	0
Untecna	WC	Kangaroo	19	10	0	3	0	0	1	0	1	0	1	3	0	0	0	1	0	0	0	0	0
Haku	WC	Kangaroo	19	8	0	0	1	0	1	0	1	0	1	0	0	0	2	1	1	0	0	0	0
Sans	TO	Koala	17	7	1	0	0	0	2			1	0	0	0	0	0	0	1	1	0	0	1
Socialistic Britain	NBB	Koala	19	6	1	0	0	0	0	0	1	0	1	0	0	0	0	0	1	1	1	0	0
Overthinkers	TWP	Kangaroo	7	2	0	0	1	0	1	0	0												
Arty	TNP	Koala	7	2	0	0	0	0	1	1	0												
ForFishing	TNP	Koala	7	2	0	0	0	1	0	1	0												
Fishery	NBB	Koala	14	4						0	0	0	0	1	0	0	0	0	2	0	1	0	0
Upper Cilikar	ARN	Kangaroo	7	1	0	0	0	0	0	0	1												
Andusre	ARN	Kangaroo	7	1	1	0	0	0	0	0	0												
Logical Stimulus	TWP	Kangaroo	7	1	0	0	0	0	0	0	1												
MLoP	SLD	Koala	7	1	0	0	1	0	0	0	0												
Western Arba Fir	NBB	Koala	5	0	0	0	0	0	0														
Renegade	ARN	Kangaroo	7	0	0	0	0	0	0	0	0												
