Player	Team	Conference	GP	Kills	C1	C2	C3	W1	W2	F1	F2	F3	F4	F5	F6	F7	F8	F9	F10
Sans	TO	Koala	4	9	4	0	2			3									
Miravana	TO	Koala	13	24	2	5	1			4	0	2	3	0	1	0	1	1	4
Magrusa	TAL	Kangaroo	5	9	4	1	0	3	1										
New Opolopia	TPoP	Kangaroo	13	18	3	2	0			0	3	4	1	3	0	0	0	2	0
Wizard	TPoP	Kangaroo	13	16	0	0	2			1	3	0	1	0	1	4	2	0	2
Osnari	TO	Koala	13	16	0	4	2			1	0	1	3	0	2	1	0	1	1
Robin	TO	Koala	9	9							0	1	1	1	3	0	1	0	2
Kirin	TAL	Kangaroo	5	4	2	0	2	0	0										
WashFed	NBB	Kangaroo	15	12	1	1	1	2	2	0	0	0	0	0	0	1	4	0	0
Garbelia	SLD	Koala	5	4	3	0	0	0	1										
Rhaza	TPoP	Kangaroo	13	10	0	2	2			0	0	0	0	0	1	0	2	3	0
Muspelgard	BAL	Kangaroo	5	3	0	1	0	0	2										
Dyl	SLD	Koala	5	3	1	0	1	1	0										
Varanius	TWP	Koala	5	3	0	0	0	1	2										
Fishery	NBB	Kangaroo	14	7	0	0	1	3	0	0	0	2	0	0	1	0		0	0
Socialistic Britain	NBB	Kangaroo	15	4	0	1	0	0	1	0	0	0	0	0	0	0	0	1	1
Arty	TNP	Koala	15	4	0	0	1	0	0	0	0	0	0	1	1	1	0	0	0
Priola	SLD	Koala	5	1	1	0	0	0	0										
Overthinkers	TWP	Koala	5	1	0	0	0	0	1										
Fish	TNP	Koala	15	3	0	0	0	2	0	0	0	0	0	0	0	0	0	1	0
Esteneng	TNP	Koala	15	2	0	0	1	0	0	0	0	0	0	0	0	0	0	1	0
Saint Asperes	NBB	Kangaroo	1	0													0		
Mark	BAL	Kangaroo	2	0				0	0										
Millenhaal	BAL	Kangaroo	3	0	0	0	0												
Staffon	BAL	Kangaroo	5	0	0	0	0	0	0										
Circui	TAL	Kangaroo	5	0	0	0	0	0	0										
Breon	TWP	Koala	5	0	0	0	0	0	0										
