Player	Team	Conference	GP	Kills	C1	C2	C3	C4	C5	C6	W1	W2
Wizard	TPoP	Brimstone	3	8	2	3	3					
Kirin	TAL	Hellfire	8	16	1	5	1	1	3	3	2	0
New Opolopia	TPoP	Brimstone	3	5	0	2	3					
Priola	SLD	Hellfire	6	9	3	1	1	0	2	2		
Sans	TO	Hellfire	7	10	0	1	2	4	0	2	1	
Magrusa	TAL	Hellfire	8	7	0	1	1	2	0	0	1	2
Kavagrad	SLD	Hellfire	6	5	1	0	2	0	2	0		
Alfonzo	TPoP	Brimstone	3	2	1	1	0					
Esteneng	TNP	Brimstone	3	2	2	0	0					
WashFed	WC	Hellfire	8	5	1	0	0	0	1	0	0	3
Hellslayer	CSS	Brimstone	5	3	1	0	0				0	2
Missouria	TAL	Hellfire	8	4	0	1	1	0	1	0	1	0
New Charles	TNP	Brimstone	2	1							1	0
New England INC	CSS	Brimstone	5	2	0	0	0				1	1
Miravana	TO	Hellfire	7	2	0	1	0	1	0	0	0	
Osnari	TO	Hellfire	7	2	0	0	0	1	0	0	1	
Untecna	WC	Hellfire	8	2	1	0	0	1	0	0	0	0
Arty	TNP	Brimstone	5	1	0	0	0				1	0
ForFishing	TNP	Brimstone	5	1	0	0	0				1	0
Garbelia	SLD	Hellfire	6	1	0	0	1	0	0	0		
Renegade	WC	Hellfire	8	0	0	0	0	0	0	0	0	0
Salcanceacy	CSS	Brimstone	5	0	0	0	0				0	0
