Franchise	Player	Role
CSS	Hellslayer	Starter
CSS	New England INC	Starter
CSS	Krynisza	Starter
CSS	Salcanceacy	Sub
SLD	Garbelia	Starter
SLD	Priola	Starter
SLD	Kavagrad	Starter
SLD	Dyl	Sub
SLD	MLoP	Sub
TAL	Kirin	Starter
TAL	Magrusa	Starter
TAL	Missouria	Starter
TAL	Peanu-Butteria	Sub
TAL	Vicily	Sub
TAL	Circui	Sub
TAL	John Laurens	PS
TAL	Valdenmere	PS
TAL	Hollosend	PS
TO	Robin	Starter
TO	Osnari	Starter
TO	Faralried	Starter
TO	Voluja	Sub
TPoP	Wizard	Starter
TPoP	New Opolopia	Starter
TPoP	Rhaza	Starter
TPoP	Alfonzo	Sub
TPoP	Heavens Reach	Sub
TPoP	Hermitland	Sub
