	RBRWT VIII KILL LEADERBOARD								Conference Stage						Wild Card		Final Stage												
PLAYER	TEAM	CONFERENCE	GP	TOTAL	K/G	CONF	FINAL	F K/G	1	2	3	4	5	6	7	8	9	10	11	12	13	14	15	16	17	18	19	20	21
Wizard	TPoP Lightbringers	Brimstone	3	8	2.67	8	0	0.00	2	3	3																		
Kirin	TAL Eagles	Hellfire	8	16	2.00	16	0	0.00	1	5	1	1	3	3	2	0													
New Opolopia	TPoP Lightbringers	Brimstone	3	5	1.67	5	0	0.00	0	2	3																		
Priola	SLD Exiles	Hellfire	6	9	1.50	9	0	0.00	3	1	1	0	2	2															
Sans	TO Bushrangers	Hellfire	7	10	1.43	10	0	0.00	0	1	2	4	0	2	1														
Magrusa	TAL Eagles	Hellfire	8	7	0.88	7	0	0.00	0	1	1	2	0	0	1	2													
Kavagrad	SLD Exiles	Hellfire	6	5	0.83	5	0	0.00	1	0	2	0	2	0															
Alfonzo	TPoP Lightbringers	Brimstone	3	2	0.67	2	0	0.00	1	1	0																		
Esteneng	TNP Rams	Brimstone	3	2	0.67	2	0	0.00	2	0	0																		
WashFed	WC Jokers	Hellfire	8	5	0.63	5	0	0.00	1	0	0	0	1	0	0	3													
Hellslayer	CSS Cannonballs	Brimstone	5	3	0.60	3	0	0.00	1	0	0				0	2													
Missouria	TAL Eagles	Hellfire	8	4	0.50	4	0	0.00	0	1	1	0	1	0	1	0													
New Charles	TNP Rams	Brimstone	2	1	0.50	1	0	0.00							1	0													
New England INC	CSS Cannonballs	Brimstone	5	2	0.40	2	0	0.00	0	0	0				1	1													
Miravana	TO Bushrangers	Hellfire	7	2	0.29	2	0	0.00	0	1	0	1	0	0	0														
Osnari	TO Bushrangers	Hellfire	7	2	0.29	2	0	0.00	0	0	0	1	0	0	1														
Untecna	WC Jokers	Hellfire	8	2	0.25	2	0	0.00	1	0	0	1	0	0	0	0													
Arty	TNP Rams	Brimstone	5	1	0.20	1	0	0.00	0	0	0				1	0													
ForFishing	TNP Rams	Brimstone	5	1	0.20	1	0	0.00	0	0	0				1	0													
Farbelia	SLD Exiles	Hellfire	6	1	0.17	1	0	0.00	0	0	1	0	0	0															
Renegade	WC Jokers	Hellfire	8	0	0.00	0	0	0.00	0	0	0	0	0	0	0	0													
Salcanceacy	CSS Cannonballs	Brimstone	5	0	0.00	0	0	0.00	0	0	0				0	0													