	RBRWT VII KILL LEADERBOARD								Conference Stage							Final Stage											
PLAYER	TEAM	CONFERENCE	GP	TOTAL	K/G	CONF	FINAL	F K/G	1	2	3	4	5	6	7	8	9	10	11	12	13	14	15	16	17	18	19
Kirin	TAL Eagles	Kangaroo	18	34	1.89	10	24	2.00	2	1	1	1	1	4		1	2	4	0	2	0	0	3	2	4	6	0
Miravana	TO Bushrangers	Koala	17	23	1.35	9	14	1.17	2	1	3	2	1			0	2	0	2	0	2	0	0	2	3	0	3
Gagium	TL&C Minutemen	Kangaroo	16	18	1.13	11	7	0.58	1	3	3	4				1	0	0	0	1	0	0	0	0	1	2	2
New Opolopia	TPoP Lightbringers	Koala	18	20	1.11	11	9	0.75	1	1	2	3	3	1		2	1	1	0	0	0	2	0	0	0	0	3
New Illyricum	TL&C Minutemen	Kangaroo	16	17	1.06	5	12	1.00	1	0	2	2				1	2	2	2	2	0	0	0	0	2	0	1
Voluja	TO Bushrangers	Koala	2	2	1.00	0	2	1.00													1	1					
Varanius	TWP Rumrunners	Kangaroo	7	7	1.00	7	0		3	1	0	0	2	0	1												
Croblade	TPoP Lightbringers	Koala	18	18	1.00	3	15	1.25	1	0	0	0	1	1		1	1	0	3	4	2	2	1	0	1	0	0
Wizard	TPoP Lightbringers	Koala	18	18	1.00	5	13	1.08	0	1	1	0	0	3		0	0	0	0	1	0	5	2	3	0	1	1
Entropan	TL&C Minutemen	Kangaroo	16	14	0.88	5	9	0.75	0	1	2	2				1	0	0	4	1	1	0	1	0	0	1	0
Robin	TO Bushrangers	Koala	15	13	0.87	8	5	0.50	2	2	1	0	3			1	2	0	0	0			1	1	0	0	0
Magrusa	TAL Eagles	Kangaroo	18	15	0.83	6	9	0.75	0	1	0	1	1	3		2	1	1	1	0	1	0	1	1	0	0	1
WashFed	NBB Watchdogs	Koala	19	15	0.79	12	3	0.25	1	4	0	2	0	1	4	0	0	1	0	1	0	0	0	0	1	0	0
Missouria	WC Jokers	Kangaroo	19	14	0.74	3	11	0.92	0	0	0	1	1	0	1	0	0	1	1	0	2	1	1	1	1	3	0
Kavagrad	SLD Exiles	Koala	7	5	0.71	5	0		1	1	0	1	1	1	0												
Tyler Esteneng	TNP Rams	Koala	7	5	0.71	5	0		0	0	0	2	1	1	1												
Hellslayer	CSS Cannonballs	Koala	7	4	0.57	4	0		1	0	1	0	0	0	2												
New England INC	CSS Cannonballs	Koala	7	4	0.57	4	0		0	2	1	1	0	0	0												
Farbelia	SLD Exiles	Koala	7	4	0.57	4	0		0	1	2	0	0	1	0												
Peanu-Butteria	TAL Eagles	Kangaroo	18	10	0.56	4	6	0.50	1	1	0	0	0	2		0	0	0	0	1	3	0	0	0	0	2	0
Untecna	WC Jokers	Kangaroo	19	10	0.53	5	5	0.42	0	3	0	0	1	0	1	0	1	3	0	0	0	1	0	0	0	0	0
Haku	WC Jokers	Kangaroo	19	8	0.42	3	5	0.42	0	0	1	0	1	0	1	0	1	0	0	0	2	1	1	0	0	0	0
Sans	TO Bushrangers	Koala	17	7	0.41	3	4	0.33	1	0	0	0	2			1	0	0	0	0	0	0	1	1	0	0	1
Socialistic Britain	NBB Watchdogs	Koala	19	6	0.32	2	4	0.33	1	0	0	0	0	0	1	0	1	0	0	0	0	0	1	1	1	0	0
Overthinkers	TWP Rumrunners	Kangaroo	7	2	0.29	2	0		0	0	1	0	1	0	0												
Arty	TNP Rams	Koala	7	2	0.29	2	0		0	0	0	0	1	1	0												
ForFishing	TNP Rams	Koala	7	2	0.29	2	0		0	0	0	1	0	1	0												
Fishery	NBB Watchdogs	Koala	14	4	0.29	0	4	0.33						0	0	0	0	1	0	0	0	0	2	0	1	0	0
Upper Cilikar	ARN Admirals	Kangaroo	7	1	0.14	1	0		0	0	0	0	0	0	1												
Andusre	ARN Admirals	Kangaroo	7	1	0.14	1	0		1	0	0	0	0	0	0												
Logical Stimulus	TWP Rumrunners	Kangaroo	7	1	0.14	1	0		0	0	0	0	0	0	1												
MLoP	SLD Exiles	Koala	7	1	0.14	1	0		0	0	1	0	0	0	0												
Western Arba Fir	NBB Watchdogs	Koala	5	0	0.00	0	0		0	0	0	0	0														
Renegade	ARN Admirals	Kangaroo	7	0	0.00	0	0		0	0	0	0	0	0	0												